{
  "yolov8n_seed0": {
    "model": "yolov8n",
    "seed": 0,
    "mAP50": 0.293628834714562,
    "mAP50-95": 0.16182648147137904,
    "precision": 0.3860427801656197,
    "recall": 0.3569393569393569,
    "best_epoch": -1
  },
  "yolov8n_seed1": {
    "model": "yolov8n",
    "seed": 1,
    "mAP50": 0.282621237923169,
    "mAP50-95": 0.15413189815116893,
    "precision": 0.32719778612790845,
    "recall": 0.2695360195360195,
    "best_epoch": -1
  },
  "yolov8n_seed2": {
    "model": "yolov8n",
    "seed": 2,
    "mAP50": 0.2803519002310159,
    "mAP50-95": 0.1567071573004276,
    "precision": 0.3956311384741323,
    "recall": 0.2831898882176442,
    "best_epoch": -1
  },
  "yolo11n_seed0": {
    "model": "yolo11n",
    "seed": 0,
    "mAP50": 0.32912499833549314,
    "mAP50-95": 0.17561017699965636,
    "precision": 0.3833603940670516,
    "recall": 0.38405513346090764,
    "best_epoch": -1
  },
  "yolo11n_seed1": {
    "model": "yolo11n",
    "seed": 1,
    "mAP50": 0.3139898221321384,
    "mAP50-95": 0.16974613354839024,
    "precision": 0.4365303411819219,
    "recall": 0.33519757674054756,
    "best_epoch": -1
  },
  "yolo11n_seed2": {
    "model": "yolo11n",
    "seed": 2,
    "mAP50": 0.3345265641601154,
    "mAP50-95": 0.19222956850915424,
    "precision": 0.3848797649618092,
    "recall": 0.37262768934710994,
    "best_epoch": -1
  },
  "yolo12n_seed0": {
    "model": "yolo12n",
    "seed": 0,
    "mAP50": 0.3110386445229813,
    "mAP50-95": 0.16624661374475594,
    "precision": 0.36567531000904224,
    "recall": 0.3642653642653642,
    "best_epoch": -1
  },
  "yolo12n_seed1": {
    "model": "yolo12n",
    "seed": 1,
    "mAP50": 0.300915238614535,
    "mAP50-95": 0.15124464557909817,
    "precision": 0.30634380449686155,
    "recall": 0.27584452584452585,
    "best_epoch": -1
  },
  "yolo12n_seed2": {
    "model": "yolo12n",
    "seed": 2,
    "mAP50": 0.35928851369508,
    "mAP50-95": 0.1941217342919541,
    "precision": 0.5329875594210379,
    "recall": 0.3152168591473585,
    "best_epoch": -1
  }
}